{
    "created_on": "2024-Nov-20 13:58:38",
    "creator": "voltus_rail",
    "nominal_voltage": "1",
    "is_power_net": "true",
    "is_dynamic_analysis": "false",
    "results": [
        {
            "type": "average",
            "num_voltages": "685",
            "min_node_voltage": "0.999986887",
            "max_node_voltage": "1",
            "num_currents": "685",
            "min_tap_current": "-0",
            "max_tap_current": "4.21117392e-07",
            "min_voltage_source_current": "-5.2513551054289564e-06",
            "max_voltage_source_current": "-4.0745185287960339e-06",
            "min_voltage_source_voltage": "1",
            "max_voltage_source_voltage": "1",
            "num_peak_currents": "718",
            "peak_current_file": ".\/run1\/VDD_25C_avg_1\/voltus_rail.iavg",
            "min_peak_current": "-3.7269296626618598e-06",
            "max_peak_current": "5.2467785280896351e-06"
        }
    ],
    "VC_SUM_Peak": "9.32587318e-06",
    "TC_SUM_Peak": "9.31565773e-06",
    "VC_SUM_Avg": "9.32587318e-06",
    "TC_SUM_Avg": "9.31565773e-06"
}
