{
    "num_nets": "1",
    "net_info": [
        {
            "die": "",
            "net": "VDD",
            "nominal_voltage": "1",
            "power_or_ground": "power"
        }
    ],
    "instance_voltage": [
        {
            "analysis_mode": "Avg",
            "measurement_mode": "elapsed",
            "min": "0.99998688697814941",
            "max": "0.99999594688415527",
            "average": "0.99999248454737111",
            "size": "215",
            "die": "",
            "net": "VDD"
        },
        {
            "analysis_mode": "Worst",
            "measurement_mode": "elapsed",
            "min": "0.99998688697814941",
            "max": "0.99999594688415527",
            "average": "0.99999248454737111",
            "size": "215",
            "die": "",
            "net": "VDD"
        }
    ]
}
